category,value
Other,90
Servers/domain controllers,30.6079295154185
Website,21.885462555066077
App,20.45814977973568
Workstations,18.634361233480178